quotation,label
"I think, you have many professional developers and why this F... RTL problem is not important for you?",uncivil
Why atom team don't like to fix this issue?,uncivil
Microsoft products are phenomenally bad and it's a wonder how you guys still stay in business.,uncivil
I suspect your whiteboarding hiring technique is ineffective and counterproductive.,uncivil
What's so special about installing .NET Core that it requires a different installation strategy?,uncivil
WTF?,uncivil
GET YOUR ACT TOGETHER MICROSOFT!!!!,uncivil
"If I sound harsh, it's because I am sick and tired of Microsoft releasing half-baked products that don't work as expected.",uncivil
"I would feel sorry for you guys like I would for the slow kid who klutzes around the basketball court, but this isn't your first time on the court with years of effort and tons of resources.",uncivil
It's why your own developers are using MacBook Pros for development.,uncivil
"Telling us you are frustrated is fine, ranting is not.",uncivil
This is the kind of coding quality we get when corporations prioritizes employee diversity over code quality,uncivil
A thumbs down isn't enough on this one. There's zero tolerance for backwater attitude. Reporting.,uncivil
If people like me and you don't attempt it then we can wait another 3 years without anyone else picking the issue up.,uncivil
I am frankly fed up with this posture in open source projects.,uncivil
I've abandoned (a long time ago) the port effort and don't even use Dart anymore and will stop watching this rep.,uncivil
Why would I post this on the community site? I'm experiencing this problem on the travis-ci.com website??,uncivil
you are showing how unappreciative and ignorant you can be.,uncivil
"You can fault the devs for not getting this right with modules from the start, but aside from that, you should have more awareness of reality and what these changes have required before sharing those types of crass comments.",uncivil
"In fact, you should probably not use any open source software, as the type of comment you left above are one of the major reasons why application developers give up on open source.",uncivil
Just because the software is open source doesn't mean we aren't paying for it.,uncivil
I honestly cannot believe how casual and dismissive you guys at MS are.,uncivil
I understand it must really difficult to do your job as a $1.75T company but can you try?,uncivil
"Seeing you are happy to close issues and never respond to replies in closed issues, I am forced to open new issue.",uncivil
"I would like to remind you that we are a small team of maintainers, and it has been less than or barely 24 hours since I responded to your issue yesterday.",uncivil
Telling users that they can use DSX but can't use debugger or enjoy auto-complete is a non starter for me.,uncivil
"you are mixing everything I say and this conversation is going nowhere. In legal terms you are Badgering the witness"".""",uncivil
I just don't have the time for this here.,uncivil
You failed to grasp that XML parsing (with some extra code to skip '{}' properly) is orders of magnitude simpler than fully parsing a programming language like Dart.,uncivil
you should invest you time and energy in writing up convincing arguments.,uncivil
"You guys are suffering from NIH syndrome (Not-invented-here). Good artists copy, great artists steal"", mediocre artists, well, behave like you.""",uncivil
"Really !!! nobody seems to bother to explain what exactly Flutter would gain... blah blah blah"".""",uncivil
"I don't want to argue against the feature but comments like if you don't do x then horribly y will happen"" are just ridiculous.""",uncivil
"I think you underestimate how willing people are to try things, even when they're not fully polished.",uncivil
Obviously you didn't take my hint on length to heart but don't come to conclusions about my character because you don't know me at all.,uncivil
"It is obvious to me that you are not very experienced with JSX, you really don't understand how it works.",uncivil
You are not the meter used to measure success and you don't know what I am up to.,uncivil
You equate me not having much experience with JSX and me not knowing how it works at all?,uncivil
my point still stands - that kind of comment is _still_ not appropriate here.,uncivil
Women can also be a construction worker ,uncivil
This is the worst piece of advice anyone can give.,uncivil
"Are you a I am the greatest dev alive"" guy?""",uncivil
because if you even pause for a second to contemplate yes to any of those things you have a very rude awakening coming.,uncivil
"It would also have been nice if you gave some actual reasoning behind your comment, not just flaming.",uncivil
I think I would rather become a rice farmer than ever touch WCF again.,uncivil
This is another good reason to not support WCF. Years of people implementing designs using WCF based on false assumptions or mythical functionality.,uncivil
"If you don't like it, don't use it!!!",uncivil
"Why try and stop others from using it? and most importantly why do so with absolutely no information just flaming? sorry but show me, tell me why?",uncivil
"So, if this way of doing things is so terrible tell me why, don't just talk smack. Facts, Proof, Scientific Method...",uncivil
**I ask kindly post something informative and factual or just stop trolling.**,uncivil
Berating them to move to REST when it's impossible for them is neither clever nor helpful.,uncivil
This was last discussed more than five years ago and should be discussed again.,uncivil
"for support reasons, you don't really have to ask what platform they're on, just mention the three paths in one sentence, it's actually rather easy.",uncivil
You're being a bit facetious.,uncivil
The third silly thing is that you're acting like IPython doesn't have any changes that break some pieces of code or tutorials out there.,uncivil
All in all it makes your comment seem more like irrational stubbornness than actual concerns.,uncivil
"There's no need to update all the code and documentation all over the internet"", nobody has every done that and never will.""",uncivil
"Now if it's to criticize the code without proper understanding of the technical and social reason of why it is the way it is, and bring XDG zealotry into the mix, I'm even less likely to make an effort.",uncivil
"Also, your explanation still makes zero sense It's just re-identify the id if change"" isn't even a proper sentence.""",uncivil
"Listen to his comment and stop suggesting this crudely thought-up bandaid of a fix"".""",uncivil
Just PLEASE STOP.,uncivil
Care to explain why did you deleted my comment?,uncivil
"Because it was completely inappropriate. Telling other contributors to not comment because you have no clue what you're talking about"" is toxic behavior.""",uncivil
"Telling other contributors to not comment because you have no clue what you're talking about"" is toxic behavior.""",uncivil
"While your contributions are clearly valuable, you need to accept that you're part of a larger community and need to treat others with respect.",uncivil
As such I don't care about what the code of conduct says because anyway I don't plan to contribute more work to this OSS project.,uncivil
"Well, I consider his behavior to show a lack of respect for other's people work and time.",uncivil
"Well, I appreciate they're appreciated but at the same time I don't really care.",uncivil
"Nobody appreciates random/out of context quoting, straightforward answer avoidance, jumping to conclusions and whatnot.",uncivil
Working for fun doesn't imply that you get to do whatever you want and that there are no consequences.,uncivil
"You shield yourself in the code of conduct and go OMG, how could people dare telling me that I'm wrong?",uncivil
Or perhaps you try to do better next time and avoid the not so fun part of messing up?,uncivil
And if you really do not know what you are talking about then what?,uncivil
Instead of an answer I've got some gibberish that tries to pass as code review or whatever that is supposed to be.,uncivil
It's exactly this unwillingness to learn from mistakes that brought us here.,uncivil
"Feel free to continue to go down this path, the only thing you'll achieve is to dig the hole deeper.",uncivil
"Yet here you are, telling me exactly that.",uncivil
Telling him that he doesn't know what he's talking about is unacceptable.,uncivil
"If you want other people to learn, you need to give them more information beyond you're wrong"".""",uncivil
"You're basically sending him the signal of you're not welcome here"".""",uncivil
"if we observe behavior like this in the future, we'll ultimately block you.",uncivil
"We can't have other contributors stop engaging with us because of your behavior. While your contributions are valued, they don't warrant losing other contributors as collateral damage.",uncivil
"But instead of apologizing or even just letting that feedback sink in, you're now trying to turn the tables by saying you got victimized by Tanner because he asked you a technical question and that it's unreasonable from our end to ask you to be respectful in your responses to him.",uncivil
"But instead of apologizing or even just letting that feedback sink in, you're now trying to turn the tables by saying you got victimized by Tanner because he asked you a technical question and that it's unreasonable from our end to ask you to be respectful in your responses to him.",uncivil
"Oh, you gotta be joking.",uncivil
If you do not follow - can you ask other collaborators for help?,uncivil
"Great attitude, especially as a _fastlane_ collaborator. Why not say it in here publicly?",uncivil
"So instead of having a discussion and providing a counter example or presenting **any** reasoning why something would not be implemented, you are just discouraging people from helping _fastlane_...",uncivil
This is highly inappropriate.,uncivil
Do you really wonder why I don't want to spend any more time helping you?,uncivil
"Mentioning other contributors that have not participated in the discussion is inappropriate as well, by the way.",uncivil
I do not think that looking for help in other contributors was inappropriate in that case as you clearly didn't want to take care of this issue.,uncivil
If people started paying for packages then they would be a lot more careful about the crap they select.,uncivil
YOU choose to spend your time on this project.,uncivil
"If you aren't willing to contribute your code or your ideas to open source and aren't willing to contribute to projects monetarily, you should consider tempering your views.",uncivil
"You guys seriously don't see what this guy is doing? He's trying to push his ESLint config as a standard"" and monetize it.""",uncivil
Not when that feedback is 100% predicable because it's nothing but our inner two year old being triggered to whine when everything doesn't go 100% his or her way.,uncivil
To place a copyleft licence on the work and then complain that you can't monetize it because people are copying it for free is an... interesting complaint.,uncivil
What an awful and misleading name for a eslint config.,uncivil
"No, not all humans have this reaction.  The reaction you are projecting on all humans infers that all humans are greedy, inconsiderate thieves.",uncivil
"Not letting your inner two year old rule you does not mean he is not present.  His complaints are predictable, and those who are voicing complaints from him are not needed.",uncivil
Please take your pseudo-intellectual garbage elsewhere,uncivil
Calling people triggered whining two-year olds doesn't contribute to this discussion constructively.,uncivil
should be ashamed of himself.,uncivil
"It would be appreciable and civilized if you stopped calling the other's point of view &mdash, or the point of view you think they hold &mdash, stupid"".""",uncivil
"It would be appreciable and civilized if you stopped calling the other's point of view &mdash, or the point of view you think they hold &mdash, stupid"".""",uncivil
"Even worse, you don't seem to try to understand the other side point of view, and rush to your own conclusions.",uncivil
"You move from **assumptions**,  **contracts** to **communicating**.",uncivil
"Comparisons to Hitler are neither necessary nor welcome here, and anyone unable to debate the merits of *versioning schemes* without relying on that as a rhetorical device should rethink whether their participation here is going to lead to a constructive conversation.",uncivil
"Is Microsoft's official answer to reporting a serious performance regression in a subsystem used every day by developers and admins who are managing and maintaining their user base really yeah we are aware of it but whether we will fix it and when, who knows""?""",uncivil
"if you're unhappy with how the console is performing, go ahead and switch back to legacy mode.",uncivil
"Don't struggle with this, Mike.  Again, if your mythical twenty year old stuff"" doesn't work with the new Windows 10 console, by all means, use the old console, link in ANSICON, and keep relying on monkeypatching GetProcAddress (euughhhh).""",uncivil
In other words you want someone else to do the work for you „,uncivil
You got the report and the working samples.,uncivil
"So in your opinion you're free to mess it up, isn't it?",uncivil
Grow up first!,uncivil
Please stop collecting MY data and remove telemetry from all your f**g Windows products.,uncivil
Be thankful. Microsoft uses the data to improve your calculating experience. :smile:,uncivil
"Just hoping Microsoft will not put backdoor, telemetry, obfuscation and all its shit in all Github projects, like others did in SourceForge.",uncivil
Just because a product is open-sourced doesn't mean you can go around making demands in this manner.,uncivil
I don't respect people who want to collect my PRIVATE data with software.,uncivil
"If you don't like my demand, delete it.",uncivil
"If you want better software, delete all these malwares.",uncivil
Because everybody today is speaking on the Net about a Windows Calculator with telemetry inside. I didn't believe even that was possible and... yes.,uncivil
"What isn't respectful is polluting the issue-catalog with useless rants, poorly hidden profanity and shouting.",uncivil
"I am, however, done with this issue now.",uncivil
you guys are worried about what data the calculator is collecting? what about the rest of windows lol,uncivil
You are not Calculator King of the Internet.,uncivil
A lot of time is being wasted doing what I've already done.,uncivil
The only negative opinions I get are from trolls or people who need an excuse for why they suck at the game.,uncivil
"I do NOT need to upgrade, you miss the point.",uncivil
"Avoiding Win10 is intentional, because I don't want my PC to have buggy, ugly, spying rubbish.",uncivil
I however suspect your comments are a little disingenuous,uncivil
"you are entitled to believe what you like, but Windows 7 is coming to an end, and if you do not wish to remain a Windows user, there is macOS and various forms of Linux, for you to choose from.",uncivil
This isn't some Reddit thread for you to vent.,uncivil
"Shortly, it's THE WORST system MS made (after Millenium).",uncivil
That's why I feel disappointed(angry) that you support Win10 and WITHOUT ANY REASON drop support for Win7.,uncivil
"And funny, but NOT A SINGLE ANSWER were given by... hm... professionals"".""",uncivil
You really need to take a step back and consider how you present yourself publicly.,uncivil
I have no desire to provide a professional response based on your attitude.,uncivil
This is absolutely unacceptable behavior,uncivil
Whoever came up with this idea clearly doesn't understand why ESLint was created in the first place.,uncivil
"There are plenty of domains where you would like to give a function a name beginning with use"".""",uncivil
You're not paying for it and the maintainers of this tool don't owe you anything.,uncivil
"When you do post a complaint, you'll maximize your chances of getting what you want by avoiding incendiary language like absolutely unacceptable"", ""screaming"", ""atrocious"", ""carelessly"", and ""doesn't understand"".""",uncivil
"what's fuck google do? flutter is yours,golang is yours, why can't they live together?",uncivil
@akien-mga and other contributors.. get your shit together,uncivil
"Whether it was a mistake or not is not decided by you, but the community as a whole.",uncivil
You are not the center of the universe.,uncivil
"I have no idea what you are so angry about, just chill man.",uncivil
the only way someone can convince someone else to work on something on this project is good arguments from one side and the will to do it from the other side.,uncivil
you come off as quite hostile.,uncivil
I feel like I've seen you troll (that's what your comments amount to really) other GitHub projects also but I won't bother to check. Life is too short‹»,uncivil
"you also completely dodged my point about the smiley emoji implementations. so i recommend a good feature for the engine **(inventory and other 2d stuff, that ALL GAME DEVELOPERS WILL BENEFIT FROM)**, but **you spit in my face**, claim that it's not low level enough"", but then go around merging PRs for ""emoji smiley"" support for fonts? that's somehow still low level though? wtf??""",uncivil
"so much for open source"".""",uncivil
wtf??,uncivil
can't have discussions without bypassing  / cheating github it seems!,uncivil
it's really hard for me to sit back and ignore what these companies are doing with my code.,uncivil
I have trouble expressing how angry this makes me feel.,uncivil
"Do parents"" who drag their children across the desert with the express intent of illegally entering the United States have no share of blame for what happens to these children?""",uncivil
It says nothing about people giving money to e.g. Microsoft or using Microsoft products.,uncivil
Maybe they would have dropped in to tell us it won't be accepted and not to waste any effort on it?,uncivil
go listen to them and stop relying on those soulless motherfuckers at Facebook to give a damn about you.,uncivil
"to be honest, this response is borderline unacceptable and I don't even know what to reply. Wow.",uncivil
What the actual hell is your goal here?,uncivil
"You're screwing Lerna, not the companies listed",uncivil
Meanwhile you're getting massive community backlash that's only going to continue if you decide to be a child and inappropriately release this as a minor version bump or with the MIT license.,uncivil
The best thing feasible for Lerna at this point is you leaving the project,uncivil
The best thing feasible for Lerna at this point is you leaving the project,uncivil
the second best thing is everyone moving to a fork of the project without a politician having any control.,uncivil
"The irony is I 100% agree with your politics, but this is not the place to express them.",uncivil
it sucks if I have to spend my evening checking a bunch of old repos because you'll _maybe_ release this as a patch.,uncivil
So I fucked off and told them to eat shit.,uncivil
Once upon a time I thought I had to go work for those big corporations that I hate in order to do the kind of open source work I want to do. That turned out to be incredibly false. So I fucked off and told them to eat shit.,uncivil
"If you want to restrict who can use lerna, then lerna can no longer be called free, it will be proprietary.",uncivil
"Calls for civility are perfectly apt after an issue like this. Suggesting that asking people to be nice"" is an attempt at ending discussion is one of the strangest stretches I've ever heard. As someone that called maintainers cowards for reverting the changes and removing Jamie, I can get a strong sense of why you'd argue that point, however.""",uncivil
"do you really want transparency, or are you looking for a fight?",uncivil
"If you're looking for rancorous sniping and harmful drama"" you might try using a mirror.""",uncivil
"Explain how me, the person who made the decision, not employed by Microsoft, was secretly paid by Microsoft to ruin open source. Should be an amusing story.",uncivil
So for all this grandstanding you're doing -- why not delete your GitHub account...seriously -- MS will own GitHub soon. Also -- change your OS from Windows -- if you use that...,uncivil
Oh Jesus nevermind -- I'm an idiot I guess :joy: -- apologies :),uncivil
"Sure, I'm sure you could argue Adolf was a pretty cool guy if you ignore all the other stuff he did and just focus on his gun control policy. ”¥",uncivil
This is really frustrating,uncivil
This is stupid!,uncivil
There is a bug here and posting that this is fixed is misleading.,uncivil
Honest question: does anybody read what I've been posting about this issue?,uncivil
Did you actually read the thread?,uncivil
"The problem is nbot the ability to permanently remove files, please the first message of the issue... It's explicit.",uncivil
You assumed the most common error was because `gvfs-trash` was not installed.,uncivil
"This thread is the proof it's no more the case. Please, update.",uncivil
I would direct people to actually read the bug report before commenting.,uncivil
Well great let me just ship your computer around so everyone can use it.,uncivil
Or even better we will buy everyone a plane ticket and then can come stand in line to use your computer where the software does work.,uncivil
"I dont understand why people working for google have such a problem admting they make mistakes...  everybody does, what makes difference is fix them or not.",uncivil
"i cant even imagine a meeting to present the product: Here we have a new tool that will allow developers to set constants remotelly, helping with A/B tests and allowing the developer to change apps behavior without re-deploy.""",uncivil
You just told me that if someone has an app in both architectures and want to use the default values THIS PERSON MUST DEFINE EVERY FIELD 3 TIMES... does it sound smart?,uncivil
"I hate to be rude and also hate to teach people how to do their jobs. but this architecture design of firebase RC is a clear mistake, anyone with a basic software engineer understand should be able to see that.",uncivil
"I'm sorry to tell you but this isnt frustrating"" this is a super stupid architecture design...""",uncivil
"This is very much a case of Old Microsoft"" rearing it's head, rather then new forward looking Microsoft.""",uncivil
"We can disagree here and have debates, but please halt yourself before assuming the motivations of others and attacking individuals personally or their work.",uncivil
"If you're unhappy with them, you're absolutely free to change them.",uncivil
did you perhaps recognise the truth of what I wrote and felt defensive?,uncivil
I am so tempted to chime in with something more confrontational but I don't think it'll add to the debate,uncivil
if you expect it to meet all your needs straight away you probably need to realign your expectations.,uncivil
you're getting a little extreme.,uncivil
"Good recommendation, but the you'll sound like Yoda"" is too informal for a disclaimer.""",uncivil
**I REALLY DISAGREE WITH THIS PR**,uncivil
This is actually nonsensical statement.,uncivil
"you are being overly defensive when the whole argument was about Godot, not BGFX.",uncivil
"You seem to be assuming that just because of adding BGFX support, everything will be fine and no one will ever have to learn how the underlying APIs work.",uncivil
"thanks a lot for your enthusiasm, but I am the one doing the rendering work in Godot, not you.",uncivil
"As always with Godot, you are free to make your own renderer with BGFX, show me that it's flawless, has better better performance, works better than mine (of course while supporting the full Godot feature set) and uses less resources and code to prove me wrong.. as well as commiting full time over the next years to maintain it.",uncivil
"If you want a revolution, begin with it yourself.",uncivil
"If you want to prove your ideas, invest in them because words are free.",uncivil
What a classic example of elitism and douchebaggery.,uncivil
"I will stay miles away from Godot and any projects you maintain, thanks.",uncivil
"I will stay miles away from Godot and any projects you maintain, thanks.",uncivil
Nobody's saying it shouldn't use the network.,uncivil
"It just shouldn't use the network *before the user has given it permission*, because otherwise it is a **data leak**.",uncivil
That's *why the consent dialog exists*.,uncivil
That seems to be a recurring issue,uncivil
"You need to reopen this one too, because, inconvenient or not, autoupdate checks are also an inadvertent form of telemetry *whether the project uses them for the purpose or not*.",uncivil
"It doesn't matter if the telemetry is coming from the telemetry package"" or not.""",uncivil
"As already stated, if that form of telemetry"" is an issue for you feel free to block the network access or create a version of Atom that doesn't check for updates.""",uncivil
"What about the thousands of other users who haven't spent time and money on things like Little Snitch, who nevertheless don't want to be tracked and explicitly opt out of telemetry that still get telemetry sent (and logged by their government forever) against their wishes?",uncivil
"If you're going to insist on the autoupdate thing, couldn't you just do it once per month, at a random number of cumulative hours delay (say, 1-12) after startup, so that it doesn't function as an ad hoc user has launched the app"" telemetry event to everyone watching and logging the network?""",uncivil
"If you're going to insist on the autoupdate thing, couldn't you just do it once per month, at a random number of cumulative hours delay (say, 1-12) after startup, so that it doesn't function as an ad hoc user has launched the app"" telemetry event to everyone watching and logging the network?""",uncivil
As I have stated multiple times you can definitely work with Atom while offline (or with network requests blocked).,uncivil
"I do think that while delivered in a dictatorial manner, comment is worth discussing more.",uncivil
"Aww.. Here, have a beer on me: :beer:",uncivil
There is also room now to put Google Ads in the exception messages.,uncivil
"If you, or somebody else, think Node.js *should* address one of the particular concerns, and are willing to help in making that happen, Im sure we can arrange that. :slightly_smiling_face:",uncivil
Largely a duplicate of #19826 from earlier this year.  The answer is still 'no'.,uncivil
"If you don't have anything relevant to say, stay quiet",uncivil
Your heavy-handed and dismissive approach to moderation diminishes the project and the whole community.,uncivil
Just because you are afraid taking responsibility doesn't mean someone else won't step up to it.,uncivil
Just because you are afraid taking responsibility doesn't mean someone else won't step up to it.,uncivil
You suck at it.,uncivil
it's bullshit solution.,uncivil
"It's hard to predict what you want, because it's not clear what you want.",uncivil
"Jesus, I wish you guys STFU and get back to work instead.",uncivil
Too bad maintainers do not mute the thread.,uncivil
I'll have to unsubscribe from the ticket because it's unbearable to get emails with flame wars.,uncivil
I've been spending WAY too much time on adding bootstrap 4 with npm to a webpack project.,uncivil
"I just installed, included, imported and my app just runs fine, no errors, but yet no col-md or container styling working.. meh, i'll just return to CDN's...",uncivil
"But also, I don't want to be mean but I would prefer not to have this kind of discussions.",uncivil
This is once again NOT a bug and it is up to you to now change the way you deal with your animations.,uncivil
"If you don't want to call it a bug, it's very bad design at the very least.",uncivil
"I am **once again**, going to explain how the frame property works within the engine: you select a frame, which is numbered from left to right, then from top to bottom.",uncivil
"And once again, there is nothing to fix here, unless you have a real solution"" to the problem.""",uncivil
"we won't solve your problem by introducing workarounds in the code, sorry.",uncivil
What the hell?,uncivil
Your issue doesn't contain a single bit of useful information anybody could act on.,uncivil
"At best the problem is that your expectations are wrong and you blame Angular instead of adjusting yourself, and the worse case is that you are just spreading spam.",uncivil
Angular works great for most. If it doesn't for you it's highly likely the problem is on your end.,uncivil
You need to stop acting like 3-year old.,uncivil
You need to stop acting like 3-year old.,uncivil
"Grow up, get your sh*t together and stop spamming.",uncivil
"don't cry, contributor, you are not blame that you are into that sh*t",uncivil
"the reality is just opposite, it is the very suitable framework especially for real big projects. Just to guess, your problem is probably that you see it / try to use it by the same way as from jQuery point of view which is totally wrong way.",uncivil
whats the problem to answer this question?,uncivil
I don't even understand what the problem is and you don't seem to be interested to explain it.,uncivil
I don't even understand what the problem is and you don't seem to be interested to explain it.,uncivil
LOL - you simply closed my issue - where is your interest?,uncivil
LOL - you simply closed my issue - where is your interest?,uncivil
Because you do not know the answer about the raw response in gitter?,uncivil
I don't even care if that is directly in your code or was pulled in via a dependency bump.,uncivil
I'd say that's much worse than a temporarily broken build.,uncivil
I'm sorry my fuckups have caused you pain.,uncivil
"And even if you do feel there is responsibility, you should not be so rude.",uncivil
"Unintended breaking changes happen, but blaming it on the consumers is not an appropriate response.",uncivil
your reaction to the mistake being brought to your intention is somewhere between condescending and hostile.,uncivil
Instead you said that it's good that your mistake broke my build.,uncivil
"You could have said sorry, this was not intended, let me roll back and re-release as 4.0.0"" and it would be fine.""",uncivil
"You could have said sorry, I didn't consider that the yargs API practically becomes part of the lerna API, I will make sure that future SemVer major updates of yargs only happen in SemVer major updates of lerna""""",uncivil
"However, I do see much evidence that you are trying to crash through head first through Angular and I see it as you feel it should just work the way you want it to...",uncivil
"You either consume it all OR you will be wingin' it"" and fighting the current of how things actually work versus how you want them to work.""",uncivil
**angular team doesn't care about users feedback at all**,uncivil
Soooooooooooo youre setting Angular on fire and saying bold shit in bold like the Angular team dont care about you cause you found relative pathing has an issue is an odd area,uncivil
"I felt Angular 2 to Angular 4 stuck it to me in the ace hole butttttttttttttt alas past my bitching, it all was for the better",uncivil
The topic here has just been a bunch of bitching where I have found success in the CLI and lazy loading.,uncivil
Im NOT going to create some plunked to split hairs with you,uncivil
Unprofessional for Flutter team to have this issue for more than 1 year.,uncivil
It is just shows up the whole Google company style - quantity over quality.,uncivil
may I remind you of the code of conduct of this repository which strongly encourages a kind behaviour?,uncivil
you are really think that is the Apple's problem?,uncivil
No one is even assigned to this issue yet?,uncivil
"Guys from Flutter team, you spend tone of time to learn algorithms, data structure, low level programming for get work in Google and for now is it actually that type of solution you wanna provide being hired by the one of the best company in the world? Crutch?",uncivil
"Guys from Flutter team, you spend tone of time to learn algorithms, data structure, low level programming for get work in Google and for now is it actually that type of solution you wanna provide being hired by the one of the best company in the world? Crutch?",uncivil
"When you solve this issue(instead of provide workaround) Flutter will be best SaaS decision in the world, even for iOS users!",uncivil
I wonder why neither my proposal of shipping MSL nor the proposal of an optimisation run got a response from anyone from the team.,uncivil
"Guys, I think we should start reaching out to the press about this issue.",uncivil
"Ultimately the priorities of the flutter dev team are set by business stakeholders, I think.",uncivil
Show us ONE request from ANYONE who asked for their TABs to be changed to spaces within their code when using the option KEEP TABS.,uncivil
"Come on people, this is not rocket science, it's a text editor for $(Deity)'s sake!",uncivil
Obviously it's more convient to blindly deny it here rather than simply fix it.,uncivil
How about not commenting before understanding what you read?,uncivil
You butted into the middle of a discussion by putting words in my mouth because you haven't bothered to understand what I wrote.,uncivil
So now you are implying that I don't even know what I want?,uncivil
"What's next, telling me to get used to doing things your way because reasons?",uncivil
"If this is a feature, and not a bug, then someone please explain why, when **Always keep TABs** is selected, these TABs are being replaced by Spaces?",uncivil
It's VERY unpredictable and frustrating.,uncivil
"It may be worse for you, but better for others.  Hence the dilemma :)",uncivil
"You'd see things very differently if on some lines of your code, your spaces were constantly being replaced by tabs.",uncivil
"99% of what you wrote translates into excuses to not even attempt to change anything because something could break while at the same time you are totally disregarding that it has already been broken for us, hence the bug reports.",uncivil
"99% of what you wrote translates into excuses to not even attempt to change anything because something could break while at the same time you are totally disregarding that it has already been broken for us, hence the bug reports.",uncivil
"it is clear that you enjoy imposing your way on others given your ban on tabs"" which you mentioned above.""",uncivil
"So far you have not addressed any of my points, instead you keep spouting some weird mix of anti-tab religious zealotry and corporate PR talk.",uncivil
"At the risk of getting banned from commenting on this and every other Microsoft repo I am going to call you out on your bullshit -- you, Sir, are full of it and presenting rational arguments to you is a colossal waste of time.",uncivil
"At the risk of getting banned from commenting on this and every other Microsoft repo I am going to call you out on your bullshit -- you, Sir, are full of it and presenting rational arguments to you is a colossal waste of time.",uncivil
"i am out of here, and I will be advocating in my company to drop Visual Studio licensing.",uncivil
Maybe you will learn to honor user's preferences when they hit you in the wallet.,uncivil
It's open for God knows for how long just like this one.,uncivil
"This misbehavior on tabs was reported shortly after the release of the VS2015 version, multiple times, by different people.",uncivil
"You developed an new auto format engine and it fails to give the same good experience as the one that was used before and instead of fixing it, you prefer to spend hours of discussion with arguments that have nothing to do with the given issue.",uncivil
"How much patience do you expect, by people that have to deal with this bug on every day?",uncivil
That is NOT expected behaviour.,uncivil
And today here we are approx. 6 years since the release of Visual Studio 2015 where the issue was introduced and you are telling me that you need more time to make sure someone is not negatively impacted while people using tabs are negatively impacted for 6 years and counting.,uncivil
"I hope by now you are noticing a pattern, because the same kind of discussion is going on here as well.",uncivil
"If you do bother to read those discussions as I asked you to, you will hopefully see how much of my personal time and effort I have spent on submitting the issue, and explaining things that Microsoft's own software engineers should have known better than me.",uncivil
"In case what I am hinting at isn't clear, the difference is that I am a customer who is paying for the OS and dev tools licenses who is spending own free time to help improve things, and your colleagues are doing this on the salary and with this kind of response I am getting I have absolutely no incentive to contribute further.",uncivil
I have the urge to drop Microsoft products and suggest to the company I work for that we do the same wherever we can,uncivil
"So no other editor exhibits this behaviour, no editor before 2015 exhibited this behaviour, people are here reporting it as a bug, but you're are suggesting that it fixed some problem endemic since the dawn of computing.",uncivil
"That's bemusing to me, but if you're happy with it, then lucky you.",uncivil
Why It's not working? >:E There is no objective reasons for that.,uncivil
Do not distract me for this nonsense,uncivil
It would be much easier to understand if you simplified the example somewhat (remove the extra calls inside your auth service) and explained what you're actually looking for.,uncivil
"This issue doesn't provide the steps to reproduce, or the exact expectation you're looking for with the example provided.",uncivil
i am from india my name is ramjeet widevin is shit .!!,uncivil
I'll be brief: It's because of guys like you that this device is being revoked.,uncivil
You - the person creating this issue is shit btw,uncivil
"not widevine or the player, not even hiding the fact that you're using decryption keys illegally.",uncivil
It's because of people like you that real device owners and users can't use their devices as expected anymore.,uncivil
"if you violate our code of conduct again, you will be permanently banned.",uncivil
Why is this issue still assigned to the `2.5 milestone` when `ansible 2.5` is already release a long time ago ?,uncivil
Running into this issue again and it sucks.,uncivil
"Please guys, this issue has been open for almost 2 years now and for people who really use ansible-vault, this is a major pain the butt.",uncivil
"We need a new free option, this is a core component and cannot be outsourced to 3rd party companies.  **THIS IS TOO CRITICAL**",uncivil
"If you can't afford $1500 a year for IdentityServer4 to manage something as critical as identity for your business applications, drop them a line and let them know - pricing software products is a complicated business.",uncivil
OSS software isn't about other people doing things for you for free,uncivil
"Funny how while it's been free, depending on 3rd parties has never been a problem...",uncivil
"we'll make an announcement when ready""""",uncivil
Microsoft doesn't have to own everything dotnet.,uncivil
The sky isn't falling.,uncivil
"If the answer is none"" then _you're the problem_.""",uncivil
I don't expect some - again VERY BASIC - functionality in my tech stack to change the licence 180°.,uncivil
It was their mistake to promote IS in the first place without making sure that it keeps the same license **forever**,uncivil
"What an idi0t, not ok, just because he dont agree with someone else view.",uncivil
 is out of line with personal comments like that.,uncivil
"Clearly there's complexity in auth in general and within IS, and let's not pretend otherwise.",uncivil
"Some of you were hopping over the line, some of you hopped over it, sprinted in the wrong direction and then threw things from 2.7 miles past the line.",uncivil
"In any case, this is not the venue to discuss Duende's pricing, what open source means, and whether Microsoft should produce everything and kill off the .NET open source ecosystem in the process.",uncivil
We're done here and I'm locking the issue.,uncivil
"Go linters complain when exported variables or constants are not documented (despite them being obvious in many cases), yet when core developers make major changes to go, they keep the old documentation, and don't even bother making it up-to-date.",uncivil
"It was a neutral-tone, you might have never actually attached or imagined negative connotations to it if it weren't for me saying excuse me for my tone"", which I have only said because I know how often people imagine hostility where there is none. :relaxed:""",uncivil
"I cannot control how other people feel about me, and what emotions they attach to my statements.",uncivil
Despite what you say your words and actions do have a large impact on how people feel about what you write and how people interact with you.,uncivil
"currently ` Dart` is more like: You want to do web? Sure, use AngularDart."" (Hint: AngularDart != ""the web"")""",uncivil
"LOL, no way.",uncivil
"My commit is PUBLIC DOMAIN, do with it as you please.",uncivil
"Perhaps also ask the lawyers what happens if someone later goes and fixes that typo. Thats basically stealing my public domain idea, regardless of your CLA, and then claiming it isnt because this wasnt known to you.",uncivil
Whacky position to be in :),uncivil
"Someone should start a GoFundMe campaign to pay for a lawyer who will challenge Google all the way to the Supreme Court, LOL",uncivil
"I have OCD and I really want that typo fixed, now I know its there, it annoys me LOL.",uncivil
"Can we please go back to focus on the issue at hand now, instead of having a meta discussion about how long people have had to test this. It is what it is right now, so let's look forward.",uncivil
"I am amazed by how you, as the teacher, managed to avoiding pronouncing _any_ of the directives as en-gee"" during the whole workshop.""",uncivil
Did the girl really not notice the pattern of `ng-app`-`ng-init`-`ng-model`-`ng-if` leading to `ng-repeat`?,uncivil
Being curious about an official origin doesn't mean you're confused.,uncivil
"a question on StackOverflow asking for the etymology of the `ng-` prefix is by no means evidence that it is a confusing name"".""",uncivil
"The project is already as inclusive as it gets: _everyone_ is welcome to use it and participate in its evolution by contributing, pointing out bugs, asking questions and helping others. Changing `ng-` to `ang-` would not affect this fact, positively or negatively.",uncivil
"Furthermore, I am amazed by how you, as the teacher, managed to avoiding pronouncing _any_ of the directives as en-gee"" during the whole workshop.""",uncivil
I find it fascinating that someone at an Angular workshop was confused.,uncivil
"Also, it would certainly not be easier to remember"" because that would mean changing every existing material online.""",uncivil
By this logic ang- is a terrible choice as it could stand for anything from negative words like ang-ry to religious words like ang-el.,uncivil
Trying to find two or three letters that are universally innocent in every language in a way that you cannot somehow turn them into something negative is probably an impossible task.,uncivil
"Responding to that feeling by saying, basically, you are wrong"" is practically providing proof that the angular community is not that welcoming.""",uncivil
"That sentence reads as a euphemism for that girl is stupid"". Again: Not. Welcoming.""",uncivil
"Great, I'm glad you don't interpret `ng-repeat` negatively.",uncivil
It's so unbelievably annoying!,uncivil
This keeps coming up and it is SO ANNOYING.,uncivil
The people who's job it is to improve Visual Studio's user experience would be better equipped to fix this.,uncivil
Teams prioritizing things different from you is not negligence.,uncivil
The (ir)responsible team at Microsoft is neglecting a lot of users by not fixing this bug.,uncivil
"It is a minor issue"" in that it'd be easy for them to fix, although the choose not to.  It's not a ""minor issue"" in that it is indeed super annoying.""",uncivil
"And, as mentioned above, if that order doesn't fit your desires, you actually have something you can do about it.",uncivil
You seem to be seeking some sort of recognition and I must concede it to you.,uncivil
You have a knack for justifying inaction.,uncivil
"I don't have time.  Nor really for this pointless discussion, although I hope you got something out of it at least.",uncivil
"If you view my willingness to work with you to fix hte issues you care about as inaction"" then that's on you.""",uncivil
"Thus it would be very unreasonable to expect app developers to do _even more_ work in the form of _unpaid_ casual side-jobs for various other projects such as Visual Studio etc, while simultaneously trying to perform their normal job",uncivil
"It would be wildly unreasonable to expect app developers to sacrifice all of the following.  * Sacrifice mental health (re burn-out) as a consequence of excessive workload / unpaid side-jobs. * Sacrifice the proper raising of own children (applicable to everyone that has children), because of excessive time and energy spent doing unpaid side-jobs, resulting in insufficient time/energy remaining to properly raise and take care of children. * Sacrifice the relationship with partner/girlfriend/boyfriend/wife/husband. * Sacrifice a healthy amount of social life with friends and relatives (this loss can also lead to degradation of mental health). * Sacrifice relaxation/leisure time (insufficient leisure time also damages mental health). * Sacrifice fair working conditions and remuneration for staff members of businesses. * Sacrifice ethical behavior.",uncivil
"However, it would be wildly unreasonable to expect to sacrifice himself like you do.",uncivil
"My personal opinion is that your behavior appears to be unethical, inappropriate, and unprofessional, and it does not belong in any GitHub repository linked with Microsoft.",uncivil
Does that not strike you as ridiculous?,uncivil
You seem strangely passionate about defending their inaction.,uncivil
"This is a delightful vignette about why we have rebindable key actions, and why we don't want to be prescriptive with user experience where terminal input"" is concerned.""",uncivil
your comment makes zero sense here.,uncivil
What C++ and/or Swift do isn't part of our decision making process for C#.,uncivil
'annoying' was not part of the decision making process.,uncivil
The language direction is not decided by polls.,uncivil
"It should not be about believing or feeling ... It is not technical terms, there is should be Mind Map - what this feature will provide and allow to achieve ...",uncivil
It is entirely about that.  The language design group chooses which features are added to the language based on their personal beliefs and feelings.,uncivil
You underestimate our real usage,uncivil
"Because he's continually said that this proposal had been rejected, he's said why it was rejected, and thus all this complaining on a rejected issue is just noise.",uncivil
"If you want to talk about it further, do so where you have been asked to go.",uncivil
"If you don't want to do that, you obviously don't care as much about your proposal as you seem to.",uncivil
"This isn't your language. If it was, you'd be free to make all the changes you want, whatever the consequences, but it isn't.",uncivil
This isn't your language.,uncivil
"Whether you did that or not is entirely up to you, but please stop moaning here, as you have been politely asked to do multiple times...",uncivil
I've seen you get upset and belligerent before when a proposal didn't go the way you wanted - it's getting old.,uncivil
"But then the argument and debate must go into the gutter like chat channel to make it easier to forget, that's all reasoning I could understand about why we need to go there, the team just don't want to listen or even have clear evidence that people appeared to go against your decision (I might be overthinking things but this was one technique a dictator would used to suppress opinion of people)",uncivil
But for assumption that this feature will have `minimal usage` is very unlikely and very vague argument,uncivil
"But not only there are no further explanation, you just demand people voice's to be drained into gitter and discord instead of the issue topic itself.",uncivil
This is what I really would called unreasonable,uncivil
But now you just don't want discussion to be under the issue and we don't have reason why it changed,uncivil
NOISE!!,uncivil
The difference is that those people gracefully did as was suggested as opposed to continually whine.,uncivil
"You are acting like a petulant child, so I ask once again, if you're not willing to follow Cyrus' suggestion to move this discussion, PLEASE STOP!",uncivil
"You seem to have some entitled opinion that just because you would find something useful, everybody else must, and thus it must be included in the language, and you're not willing to accept no"" as an answer.""",uncivil
END. FINIS. DONE.,uncivil
The decision making process is not done in a measured or mechanical fashion.,uncivil
This entire meta discussion on how people want the language designed is not useful here.,uncivil
(insert ominous music here),uncivil
"You guys aren't big fans of the KISS principle, I see.",uncivil
Microsoft once again doesn't fail to disappoint.,uncivil
my next action will be to get rid of this software immediately.,uncivil
I _dont_ appreciate you expressing it by heaping it on top of everybody I work with.,uncivil
"Hi! Im a real person, happy to have a dialogue about that.",uncivil
"This isn't the first time Microsoft is forcing good ideas"" down my throat - if it was, I'd be happy to ask you about them directly, but this is just another data-point in a long history of similarly user-hostile actions.""",uncivil
"The irony of this statement is significant. You are literally clueing the user in to the opposite. I performed a customisation, and it is undone. This doesn't appear to be customisable""""",uncivil
"You're right that our userbase is a technical audience, which is why we expected them to be able to <!--rub two brain cells together, and-->take the four seconds it takes to read the synthesized JSON, see the `hidden"": false` that we stick in there, and think ""hmm, maybe that hides the profile ”"".""",uncivil
How about ASKING THE USER? Did that ever cross your mind?,uncivil
"Hey, I've detected that you've made a change in the config. I'm about to undo all your work and confuse the hell out of you, Would you like me to continue?""""",uncivil
"I even had people write to me to fix this today, that you guys are not seeing this is a huge issue like it is, shows where your priorities are.",uncivil
"I know that also see people having this issues daily and even he has it, it's funny you guys dont think that is a huge problem..",uncivil
"As I stated, there is not enough time to duplicate all CI builds and to fix all the bugs that would get uncovered from there.",uncivil
"The tool should serve the purpose, not the other way around!",uncivil
"If you decide to solve it what's the point of saying in the middle okay now it's too difficult"".""",uncivil
"you should already know that things that *appear* trivial can, in fact, turn out to be intractable, and being combative about that helps no one.",uncivil
"Did you a) (only) respond to the issue, or did you b) choose to unnecessarily attack my experience?",uncivil
So feels like it is the other way around to me. ‚,uncivil
your attitude here makes my day measurably worse.,uncivil
"I've asked you to do this once already and am not going to ask a third time - if you continue to be combative to people just trying to help, we'll be asking you to discontinue your engagement on the issue tracker.",uncivil
Your comment is insulting and more than useless,uncivil
bitch needs a slap,uncivil
Keep in mind that violations of the code of conduct can result in being banned.,uncivil
"I always try to remind participants that we are *all* striving to make TypeScript better - but if you want to participate, the only way to do so is with respect.",uncivil
"We can't tolerate abrasive language or tone on this issue tracker, and it has clearly become a problem here, so I'm closing the thread.",uncivil
"If you cannot do that, we cannot allow you to engage on the issue tracker.",uncivil
I'm fed up the whole framework is filled with this crap.,uncivil
Why you even do double way binding if works half the needed cases?,uncivil
Don't even make a framework at this point,uncivil
It has no fucking sense.,uncivil
If the customer didn't specifically asked for angular I would have thrown this piece of trash in the toilet long time ago,uncivil
"Thumbs down my ass, it's reality  that smacks your face",uncivil
Spoiler: no template i have no time to waste,uncivil
"Instead of thumbing down like twitter and facebook kids, show me I'm wrong ¥‡",uncivil
"thumbs down don't bother me, take some relief on your real life frustration and let them rain down ’¯",uncivil
Thats the damn problem,uncivil
Hundreds of issues at day you say. A stable and mature and professional product after all these years shouldnt.,uncivil
Instead it leaves you clueless with these kind of things and stupid documentation which is a copy paste from semi working code samples from tour of heroes which in some case alre also wrong and with errors in it.,uncivil
Yeah don't cry in silence and show us your strong arguments against my point,uncivil
"This long reply is to show that I'm not just an angry fool, lot of people is fed up with it and it actually is an half baked crippled tool",uncivil
But there is an even more FUNNY thing. I AM ACTUALLY ALREADY USING setValue even before writing this post!!!,uncivil
At some point you have to trust engine contributors to know what bugs are.,uncivil
"Here, renamed, be happy.",uncivil
This is getting silly already. No way it makes any sense.,uncivil
How is this offtopic? Please stop bringing politics into development world. That's just mindblowingly silly.,uncivil
That is hilarious.,uncivil
What is the next requirement OpenJS will ask for? To remove the **test** directory to avoid similarity with **test**icles?,uncivil
"I'm not understanding why tasks could be included dynamically, but a playbook wouldn't be.",uncivil
"I need to conditionally import a playbook, which isn't possible.  The keyword I'm missing is include_playbook"" which would allow a ""when"" to apply to it.""",uncivil
Of course we do.,uncivil
"Oh, so you monitor them, but completely ignore them. Much better.",uncivil
You are making toxic and unhelpful statements.,uncivil
"If you want to continue to make mean and unhelpful assumptions and remarks, go ahead, but then we can just close down this whole thread as well.",uncivil
Sarcasm and profanity will not help you get your issues resolved.,uncivil
I find it extremely frustrating using terminal as a REPL.,uncivil
I think it's quite stubborn to say you know what your users want.,uncivil
"TBH, you really can't force down the throat of what tastes bland.",uncivil
"If you don't like the new window, that's fine.",uncivil
"If you don't want to give feedback on the new idea, because you just want us to fix the original REPL, that's fine too.",uncivil
"Actually, please don't fix it. I am not paying you. And you believe you have the best idea, and that my request is too much.",uncivil
"No, I don't think spending some personal time investigating a problem you have with a software you got from me for free is rude"".""",uncivil
I've pointed out your mistake and you are perfectly capable of spotting the difference between the original configuration that was working and you've commented out and the one you've changed and that don't.,uncivil
Too bad that you do not consider this rude,uncivil
you do not care.,uncivil
it just not helpful to make false statements like: 'works for me' and 'you messed up writers' because you did not bother to run the repro-case following very simple instructions.,uncivil
"If I state that your sample works for me"", it of course means that I did bother running it on my side and didn't get to reproduce the issue you're mentioning.""",uncivil
Perhaps the Linux project should change its name as they've conflicted with a city in Hawaii which existed long before.,uncivil
I feel like there's much less confusion between a city in Hawaii and a multi platform app framework both called Maui than a multi platform app framework and a multi platform app framework both called Maui.,uncivil
"So you think of a Hawaian city when reading Maui"", but not when reading ""MAUI""? Really?""",uncivil
You find the comparison between a city in Hawaii and MauiKit ridiculous just like I find your comparison between an the Maui abbreviation and MauiKit ridiculous,uncivil
"So yeah, there's an obvious naming clash here",uncivil
How is having two product with the same name and same basic scope (multi platform framework) a non issue?,uncivil
"this project you're fighting for so passionately, doesn't have as many stars as I have thumbs down for telling you that you'e being ridiculous",uncivil
That's because GitHub stars are not a currency in which you measure a project that is not even developed on GitHub.,uncivil
"I don't think they took into account either confusion with the Linux project"" *nor with the Hawaiian island*.""",uncivil
"By the way, is it seriously necessary to mention that when there's an obvious name conflict with some other free software project in the exactly same domain (UI toolkit)?",uncivil
"get over this Linux vs. Windows"" mantra you still seem to follow.""",uncivil
"yes, this was half sarcasm, half serious comment. I think you can figure out which half's which.",uncivil
"And this is not even a confusing _similarity_. We are talking about a multi platform framework called MAUI, and a multi platform framework called MAUI.",uncivil
"You could've at least googled the name you were giving to your product before doing so, or choose one that's used from a product with a different scope.",uncivil
so you like this cute little side project... but let's be honest here when it comes to being a serious project it's not one.,uncivil
Your attitude is as if Microsoft is being some big evil corporation.,uncivil
Ok let's look at kde... there are 10 open issues... are you seriously going to tell me that a serious cross platform framework has 10 open issues... that's not realistic in any shape way or form. So again your complaints are just being ridiculous.,uncivil
"The reality is I highly doubt anybody heard of MauiKit, and frankly nobody cares.",uncivil
"Are you an _official_ Microsoft or Xamarin representative, and if so, is this the official position of your company?.",uncivil
"What do you expect, providing some real arguments against nonsense or offending replies like you're all mad"" or ""it's the others' fault, they need to rename"" (aka ""we are Microsoft (related), we are bigger, you need to comply"" or, my favorite, ""same name is not a problem at all"", pretending that confusion was not an issue...""",uncivil
"great strategy, being offending once you run out of arguments!",uncivil
"How can you seriously accuse others of like, thinking in this old it's a big evil company"" way (which nobody really has), while yourself being extremely off-putting towards the open-source community? It makes no sense...""",uncivil
"How can you seriously accuse others of like, thinking in this old it's a big evil company"" way (which nobody really has), while yourself being extremely off-putting towards the open-source community? It makes no sense...""",uncivil
You have *zero* reason to belittle this or _any_ other open-source project.,uncivil
"Imagine trying to put up a faÃ§ade with mslinux, then turning stuff into a dick size competition with repo stars and other stats because you know you messed up and don't want to admit it lmfao",uncivil
you want to see what a real Open Source application framework looks like I suggest you start taking notes.,uncivil
"It is unethical, you are don't have any arguments?",uncivil
I don't know how you can question the seriousness of one of the biggest communities that drive open source principles many years before Microsoft fell in love with open source.,uncivil
So a project has value based on open issues?,uncivil
There appear to be more passive-aggressive comments towards another project in this thread from you alone than there are from all other people towards this .NET repository.,uncivil
"Unless you _actually_ work for the companies involved, your opinion is probably negligible here.",uncivil
I'm surprised no one complained about Microsoft's use of the name `core`,uncivil
What I do see is a bunch of people who want to complain but probably never have used Xamarin and probably never will use Maui regardless of what it's called.,uncivil
Beautiful! You steal name and say that it's OK! Good position!,uncivil
"... not sure if you expect us all to email you now, but please be prepared...",uncivil
Isn't that the exact opposite thing that any sane person would do?,uncivil
Its OK to be passionate but attacking another open source project for any reason is not okay.,uncivil
This is not the kind of community we want to have and such behavior will not be tolerated.,uncivil
Using sexual abusive language is not the way to express your opinion.,uncivil
Your assumption about that it's self-descriptiveness is only _partially_ correct when you refer to several ppl you mentioned.,uncivil
"I myself try avoiding to assume that other people see and understand things exactly the same way as me, because every individual has their own unique experience. That said I encourage you to not make such assumptions here.",uncivil
You give false impression to others.,uncivil
"Brian should argue his case from a position of hands on, mature knowledge rather than having us collect that for him and demanding his proposal be accepted unmodified and that none of us is in a better position than to test and evaluate the suitability of including the proposal of porting `canonicalize` unmodified into the go standard library for Windows than he himself and the company he works for.",uncivil
It's fairly frustrating to see my words being repeatedly,uncivil
You're incorrect,uncivil
I don't appreciate trying to have the last word on this argument after I told you I don't wish to debate it.,uncivil
"Not only is your comment extremely insulting to the work my team is doing, you keep going and rambling we caAaAn't truUust theEem theEey're the deviIil in disguiIise"".""",uncivil
"I find this behavior ridiculous, entitled, and generally not up to the standard our community should strive for.",uncivil
"Everyone who disagrees with me doesn't know what they are talking about""""",uncivil
"Nice, the only notable contribution you've ever made anywhere on Github is making sure everyone at Google knows you're a racist.",uncivil
"BlackLivesMatter is not meant to be a racist statement, except you see it like this.",uncivil
"So you need fix it in you county, and do not force your problems to all world!",uncivil
Anyway this issue will be closed without an answer since Google doesn't care about people but sticking to their narrative.,uncivil
Everyone here will be called a white supremacist antiblack antiasian antilgtbteq1324 and risking to be banned from the repo.,uncivil
Welcome to 1984.,uncivil
"Nothing more cringey than tech framework sites posting about politics, even if you agree with the sentiment.",uncivil
"You know what, the white A"" in the Angular logo is all of a sudden making me feel uncomfortable...maybe even a little oppressed. Hmm, could the Angular team be racists??? Maybe we should make a separate issue to change the color to black.""",uncivil
Just noticed the #BlackLivesMatter banner on the home page for the first time...what a joke.,uncivil
Anyone have a list of other political movements endorsed by the Angular site?,uncivil
What's racist about it? Also don't shame others based on their skills and development experience. That's against the code of conduct.,uncivil
"All lives matter"" isn't racist either, yet apparently saying that makes you a white supremacist or something.""",uncivil
"People can express their opinions but the mods are just gonna lock it away cause y'all can't behave"" and ""the discussion is getting out of hand and is not productive anymore""""",uncivil
Funny how the first comment is being sarcastic about [the master branch],uncivil
I guess I'll give up my Master's degree to show solidarity.,uncivil
why is it on the front-page of Angular and **what is the criteria** which determines what gets on the front page. **Who decides what's important enough?**,uncivil
"If you're so sure that it's such a good idea, why do you have to act so quick about locking it so as not to give people a chance to give their opinion on the matter?",uncivil
But it just feels less and less a framework and more and more a political board.,uncivil
Why are you using this platform for displaying your political agenda. You have other platforms to do that. No one wants this here.,uncivil
"This crap has gotten way out of control, give em an inch and they'll try to take a mile.",uncivil
"Enough is enough already, rather than people getting offended by a word that is not offensive in this context,",uncivil
I can't believe the insanity that's going on.,uncivil
That's the context and the only context.,uncivil
I guess my `Masters Degree` now has to renamed to `Main Degree` as well..,uncivil
Simply stupid.,uncivil
"Stupid, like all this progressive shit destroying everything it touches.",uncivil
"Simply stupid. There's no other way to put it. Stupid, like all this progressive shit destroying everything it touches.",uncivil
I recommend you finding another tool where you can work with easily without headache yourself with this particular one. This is what I did myself.,uncivil
You have missed some quotes around a string.,uncivil
"I am a scikit-learn newbie and have just have spent a frustrating time going thought the docs, and I can't find anywhere how to read my own data (and not a prepared toy dataset), and what the python format of data is.",uncivil
"I don't know whether you are one of scikit-learn staff or not, but I need to say that your way of talking is harming both scikit-learn staff and users (us)",uncivil
"you seem quite misinformed about what is scikit-learn, how it works, and how the project is developed.",uncivil
it's literally your job. or you are here just to spam random stuff till people get pissed off and leave?,uncivil
your comments look absolutely random with quite zero connection to the reality. either a bot or ... very unintelligent person. which is fine by me as long as you keep a distance from me.,uncivil
"so, if you don't know a solution, DO NOT POST ANY COMMENTS.",uncivil
"and again  if you don't know a solution, DO NOT POST ANY COMMENTS.",uncivil
bot or something? your comments look absolutely random with quite zero connection to the reality. either a bot or ... very unintelligent person. which is fine by me as long as you keep a distance from me.,uncivil
There is no need for personal insults or caps.,uncivil
i dint yet started the insults. its called personal observation. look it up.,uncivil
what consoles and what modes? (did you actually read the ''To Reproduce'' ????? i have the feeling you didnt),uncivil
now i have the feeling you didn't read anything at all.,uncivil
or you just assume that if it works for you work for absolutely everyone?,uncivil
you have not actually commented here regarding the problem or the intention to fix it.,uncivil
A bit of research can help you get the info you need in order to be able to perform the necessary tests to confirm/deny your theory so you can start acting on knowledge.,uncivil
"Seeing this issue as well, its very annoying.",uncivil
"Now: it seems like the discussion here _has_ reached its terminus, so there isnt value in leaving it unlocked for angry people to get their digs in.",uncivil
"while I fully understand your reasoning, this is detrimental to people learning how to use Ansible.",uncivil
AT LEAST remove the banner for people that are not in the US.,uncivil
"No, it got locked because people disagree with your ignorant stance.",uncivil
I will not participate in a dictatorship as you're too dumb on the matter to be my leader.,uncivil
You guys suck at everything!,uncivil
WTF Microsoft!,uncivil
Microsoft should grow turnips instead of writing software!,uncivil
"I would be tempted to blame legalization for this kind of mishap, but you guys have always sucked at software!",uncivil
"Windows sucks and now you even made .NET, your crown jewels, suck!",uncivil
This wasted several hours of my time trying to work through the suggested troubleshooting tips,uncivil
Can't you guys get anything done without turning it into a nightmare?,uncivil
Everything you guys put your hands on sucks!,uncivil
Relax and take your medication.,uncivil
So I guess I need to be smoking the same grass you're smoking in order to medicate my way out of seeing Microsoft's mediocrity?  No thanks!,uncivil
"Because we can undo it"" is not a good reason to present bad statistics.""",uncivil
So as long as everyone reads through at least the first 39 pages of the Unicode standard then there shouldn't be any problem.,uncivil
"Meanwhile, you've provided zero evidence to support your claim, which is based solely on your personal experience.",uncivil
It's no wonder that even Google's own engineers could care less about the company's style guides.,uncivil
And here I'd thought that Google workers were above mansplaining.  Stupid me,uncivil
"It's a very convenient way of saying that the bug I had in my code was a bug with my design rather than the .Net Native compiler even though my code did/should work in any given .Net runtime context, but .Net Native is special, thus requiring special design considerations.",uncivil
before you close this issue you will have to adjust where you point the finger.,uncivil
"The problem isn't with MessagePack, according to @MichalStrehovsky the problem is your design choice since you, being on the inside of Microsoft, have an even better understanding of the way the .Net Native compiler works.",uncivil
It may be a PITA to have .Net Native issues surfaced this way.,uncivil
Both the comment you make and the way initiated the closure of this issue was disingenuous.,uncivil
Just say so and stop pretending that any of the .Net Native compiler problems will actually be addressed.,uncivil
"A year went by on the gRPC issue.  A year with no resolution!  I'd even be ok with a form of admission and a statement along the lines that we need to resolve these issues ourselves.   At least that way, time wouldn't be wasted on false expectations.",uncivil
ou're wasting a lot of our time slandering our competence,uncivil
You can censor me if you like.,uncivil
you keep bringing it back to advocating for breaking compatibility in the language design as if this was the same level of implication.,uncivil
I'm tired of this bikeshedding. I tried to advocate for keeping this issue focused on the actual bug that can be fixed (syntax highlighting),uncivil
Seems more like Bram enjoys taking all the credit.,uncivil
It literally takes less than 30 minutes to learn git. That's no excuse.,uncivil
"No, I don't understand.  Any software developer doing things exactly the same as 10 years ago is a **bad** software developer, let alone 30 years ago.",uncivil
To think that a new idea is better than an old one simply because it is new is foolish.,uncivil
"When looking for information about Vim, the place to look is always the built-in help. Not Google, not the manpages, not the github metadata, just the help. In this case: :help credits",uncivil
"So, instead of ranting here, maybe you should try to find the cause of the problem and/or open a PR that fixes this kind of issue, if necessary.",uncivil
"This seems unnecessarily hostile, especially given that, in your own words, - I shouldn't complain about software I had nothing to pay for""""",uncivil
"Have you considered simply reporting the issue, without any of the assholery?",uncivil
"If you would like to re-open another GitHub issue calmly describing your problem with less vitriol and toxicity, I will gladly add it to my next release milestone, I'll add a test case for the situation, and I'll forget that this exchange happened.",uncivil
"Sorry to say, that I am totally pissed off from this worst programmed piece of software/plugin I have ever seen.",uncivil
"You actually need to keep hearing our feedback, every one of us.",uncivil
you should be working to find the screams because it takes tons of effort for us to get the screams close to you.,uncivil
"you should want to know about all of these peoples feedback, especially when its them screaming in paper cut agony.",uncivil
"So, let's put it straight, with the largest, boldest letters: **THIS IS NOT A FLUTTER ISSUE, There is no Flutter solution or workaround and never will be.**",uncivil
"don't be stupid, it's a bug",uncivil
"Your belief that you're doing anyone a favor by varying from the expected command line tool behavior, you should turn in your commit per.issions and get a job in management where you don't have access to break things AGAIN.",uncivil
"By not doing what the command line tools do, you are varying from the expected behavior and breaking convention. THIS IS WRONG.",uncivil
Save your energy. Lex has rejected this again and again.,uncivil
"Put your overlays as extra quads into your item model, he says.",uncivil
Threatening to coremods shit because you haven't spent 10 mins looking into other solutions is not the way to get things added to forge.,uncivil
It's pretty useless to complain about someone not looking without pointing them in the right direction.,uncivil
It's excruciatingly abrasive and dickish and impedes fostering a community that actually wants to contribute to a project.,uncivil
Going off on someone because you assume they haven't searched for other solutions makes you look like a dick.,uncivil
"I don't care if you consider my response dickish, your initial post was.",uncivil
i'm sick of being threatened by people and coremods.,uncivil
"I would have loved to work with you, but since you were not willing to accept any recommendations, I am closing this and we will do any remaining work in https://github.com/saltstack/salt/pull/48058.",uncivil
"WTF guys, you can't make built version of app?",uncivil
so to use it i need to download huge amounts of not needed data and applications? That not how the Linux works.,uncivil
"And also polite mean to make installation for users, and not throwing in their faces some code and say do whatever you want with it"".""",uncivil
t's really not that hard to understand...,uncivil
Why don't you develop your own terminal instead of asking like you are the CEO of Microsoft?,uncivil
Some people shouldn't act like a ass just because they think different.,uncivil
I agree that @creotiv should not act like an ass,uncivil
I didn't mean that but whatever floats your boat man. ƒ,uncivil
"Where's your binaries?  Just because it's early and incomplete"" (just like this code on this repo is) shouldn't be an excuse.""",uncivil
3 month to make an installer for an app)) that's nice),uncivil
"Look, 24h later, a valid tiny patch is still not merged and we'd need to discuss"" why shippable failed on its improvement, not even on the patch itself.""",uncivil
I can submit the bug elsewhere but do you really mean to suggest that I need to know about HPLIP and cups-filters to understand why three different tools process the options I've set (using your software) in three different ways?,uncivil
Who takes responsibility when other projects don't know how to interface correctly with your software?,uncivil
Are you ever grateful to receive bug reports about your project?,uncivil
You don't think any of your documentation needs to be fixed?,uncivil
So cups-pdf is HP's problem too? Is there any Linux software you can name that interfaces with CUPS correctly?,uncivil
Is there any Linux software you can name that interfaces with CUPS correctly?,uncivil
"It would help to have an answer to this question, relating to the configuration of face-up printers",uncivil
"Please look at this, because @raver119 is still angry I said C wasn't a good language.",uncivil
I don't even remember who you are.,uncivil
That's a bit of surprising statement.,uncivil
P.s. sorry. Just too many people around.,uncivil
Keep it professional or I won't hesitate to ban you from interacting with this repository.,uncivil
Just seems pointless to continue supporting something that uses so much developer time.,uncivil
"You can do that, but don't blame the software then.",uncivil
"You still try to push Salt to adhere to OMV data format, while common sense says it should be otherwise.",uncivil
"i alreeady said it was kneejerk impulse, so you eems to be crashing through door wide open.",uncivil
You blaze of ego is called for.,uncivil
Yesterday i spent hours looking into Salt code and patching it along your suggestions.,uncivil
First i took your suggestions as correct and thought through. And just followed them. An then had to undo it all.,uncivil
Now you imply it was your time wasted not mine.,uncivil
you refused to help me doing it.,uncivil
"You made me look into Linux kernel i am not familiar with, at the same time you are not very willing to point me to specific OMV code and Salt commands you are familiar with.",uncivil
you are funny :),uncivil
"you can learn a bit about semantics, grammar and the meanings of words - essentialy about language and usage :)  can you tell me who was here offended ?",uncivil
"when we have storage OOM gradle doesn't sygnalize that, instead proper info we have a bullshit :)",uncivil
still some daemon shit WTF ???,uncivil
"Flutter team, PLEASE INVESTIGATE THIS ISSUE PROPERLY!",uncivil
It looks like no one from Flutter team cares about the issue.,uncivil
I'm sorry but I have to be this guy... The fact is that you left this repository unanswered for two plain month.,uncivil
"you MUST understant that without repo's activity people will not be interested in SUI anymore, and you'll try to find funds for a dead project...",uncivil
"I am BEGGING @levithomason, @jlukic, or any other project owner to PLEASE add at least two more trusted owners or managers with the power to add more committers and maintainers so badly needed.",uncivil
A 10 second look would of shown you that.,uncivil
"do not readd links in which I have removed, do it again and you'll be blocked.",uncivil
I have instructed you on two paths on how to achieve your goal now.,uncivil
I don't appreciate you basically calling me an idiot in all caps when you didn't bother to even consider that maybe I had a good reason for doing it the way I did.,uncivil
"Except, you don't have a good reason, if you would of worked with anyone in the community to figure things out before resorting to hacking things with a coremod then we would be having a different conversation.",uncivil
"Fuck you flutter, if macos adds PATH, it just wont join, go to hell, youre so ugly, Google is so big, will the script be configured to die?",uncivil
"This is why Linux products are the way they are, and why no one had ever heard of KDE MAUI until now -- you lot just argue about inane stuff instead of getting work done.",uncivil
Are you a lawyer? Maybe you should check with one before you potentially commit business libel.,uncivil
"Yes, I am opening a new one because fuck you Microsoft.",uncivil
"You are merely trying to cast a shadow on other, truly open source projects.",uncivil
why did you close this?,uncivil
"The maintainers of the project are using a dependency that is buggy, they should take care of this",uncivil
That's your responsibility to take care of things that don't work as expected in the dependencies of your project.,uncivil
"You are advertising syntax highlighting, you are supposed to deliver!",uncivil
"And if you don't, you are supposed to take care of whatever is needed to have your product work as expected",uncivil
"We're not contractually obligated to work on every bug and answer every question, seeing as we simply don't have enough resources.",uncivil
(I) really love this ability to minimize comments on GitHub.. :sparkles:,uncivil
You got us. It's a joke.,uncivil
"I mean cmon guys, is this a joke?",uncivil
It is ridiculously funny not having a password lock for the most sensible information inside the phone that leads to basically unlocking all of your secure accounts.,uncivil
"I mean cmon guys, is this a joke? 2FA without a feature to lock the screen from people?",uncivil
Your tone is derogatory.,uncivil
This is the incorrect approach based upon your issue.,uncivil
You got my support on this @filmgirl.,uncivil
rooting for you @filmgirl ‰,uncivil
"11/10, want to see this happen! ’œ",uncivil
Knowing that this is possible my life will not be the same without it,uncivil
"I can't believe it hasn't already been implemented, this is a must have feature.",uncivil
This needs a kickstarter campaign,uncivil
How have I been using Terminal without this feature for so long? I'm using plain old terminal until we have it!,uncivil
"This explains a lot and why microsoft made ton of bad decisions recently, maybe the people at the top are delusional?",uncivil
This is really offending for people that are suffering for global warming and desertfication areas.,uncivil
Also is that a natural snow icon or a fake snow icon?,uncivil
Please think about how much water Is wasted to create artificial snow just for games,uncivil
It is really offending me because I am very snow sensitive and get hurt by snowflakes when it is snowing.,uncivil
If I see that on the VS code I feel physically hurt.,uncivil
On the other hand snowflake is the best symbol for spineless corporations bowing down to any random activist complain.,uncivil
Also there was some recent effort to associate snowflake and Santa with its red hat to drug consumption so please don't talk about Its red hat and snow symbol in the same thread. :smile_cat:,uncivil
"I am with you guys- the one **TROLL** that offended many, many people got his wish fulfilled. Only ONE person wanted this ridiculous change and you are just ignoring so many requests to bring back what was deleted. Shame on you, shame.",uncivil
"You're not my dad, I can use everything I like / dislike!",uncivil
"Please stop offended me! You're not my dad, I can use everything I like / dislike!",uncivil
"I'd be really  grateful if that the correct reaction will be delivered like the other one, snowflakes do hurt and sting in the eyes, I won't be able to sleep if I see all day this hurtful symbol of pain and climate oppression in my IDE.",uncivil
Some guy in Microsoft HQ is sweating right now.  Although this is 100% deserved.,uncivil
"His name is **Christian**, that must be a troll account, too good to be true :D",uncivil
"I'm from New Zealand, and in the Southern Hemisphere, it's not cold, but hot during the holiday season. I suggest you geo-locate the user's position and prompt them for the icon of their choice, e.g. snow, ice, fire, sun shine.",uncivil
Every Christian should be renamed immediately to eliminate possible offence.,uncivil
"This is a serious discussion about the terror that is snow flakes and how it terrorises a lot of people everyday, even more now with the new VS Code update.",uncivil
"I would also like to point out that snow(flake) is _white_ and is commonly used as a white supremacy symbol to oppress and marginalize whole ethnicities, which due to systemic geographic discrimination couldn't historically experience, first-hand, full range of weather phenomena.",uncivil
Winter is one good buff against invaders in Russia. Praise the winter! Let it snow!,uncivil
"The Snow Flake on vscode insiders and pushing it as a cozy""/""wintery"" thing is very offensive to me.""",uncivil
"This isn't just me either, think about the people who cannot even get snow, think about how you're making them feel, making them see what they cannot get, although personally I don't understand that. Snow is terrifying.",uncivil
"Oh no, I just mentioned way too many forbidden things, so this is getting removed too. Along with this thread. And me. And you.",uncivil
"We must remove the hat, all mentions of the hat, all mentions of removing the mentions of the hat and so on, just to be sure.",uncivil
"That's way too rational, a guy was extremely offended, please have some consideration!",uncivil
The removing of the Santa hat and catering to vocal minority of sjw idiots is very offensive to me.,uncivil
"If Santa is a religious figure, then so is the Grinch,",uncivil
It's so sad that people are so sensitive in the world we live in today that this sort of thing is even worth discussion..,uncivil
My understanding is that he was actually upset of the pagan origins :man_shrugging:,uncivil
It was removed all because of this one guy: https://github.com/microsoft/vscode/issues/87268 and he prob think that what he did is funny.,uncivil
"Got as far as to feel the joy of my parents being alive, but then a snowflake got in the way and I got offended.",uncivil
"In addition, it reminds me of black people lurking around.",uncivil
Microsoft scares me by forcing people to use this theme.,uncivil
"Please don't laugh. This is a serious issue for me. I want to force removal of the feature for everyone, because it hurts my feelings. And no, don't make a toggle for it. It would remind me that a death is still there, but not visible.",uncivil
"I don't know if it makes any difference, but I'm a black Jew living in Uganda.",uncivil
"To avoid being offended, please use the transparent perspicuous pellucid theme.",uncivil
"Did you just say trans-parent? But it's ok, my conservative belifs can and even should be offended.",uncivil
PC?! What if I'm a mac-user?!,uncivil
Dark theme is basically a blackface of white editors.,uncivil
"VS Code dark theme reminds me of this situation, so please remove it immediately, because for me dark theme = death.",uncivil
User Christian-Schiffer that created such awful request offended many users and Microsoft just standing there like nothing happened.,uncivil
"I demand syntax highlighting be removed, as it reminds me of the other night when I puked out the three plates of ravioli I'd eaten. It is very offensive to me and instantly brings back memories of a very bad stomachache.",uncivil
"I find the V"" in ""VS Code"" offensive. It represents two fingers being held up in an obscene gesture and could be read as ""F*ck You"".""",uncivil
This censorship is literally a new holocaust!,uncivil
I'm extremely offended by the fact that because of religious beliefs @Mikotochan 's only life pleasure has been taken away.,uncivil
You deserve an award for skyrocketting the level of drama of this topic  – !,uncivil
"One time a random person told me to œgit good and since then, œgit is extremely offensive to me.",uncivil
Please remove Python compatibility I'm scared of snakes.,uncivil
It's funny and sad at the same time that one selfish issue can cause loss of hundrets of man-days (people-days?) across globe.,uncivil
"I enjoy reading drama, please don't take my only pleasure in life away.",uncivil
"I think it is necessary to **remove** this Terminal"" word, as it can really offend someone's feelings in some country at some time.""",uncivil
"Additionally Terminal"" has cost millions of Jews their lives over the centuries because the word ""terminal"" could also mean [""Extermination Camp""]""",uncivil
"Terminal"" might also remind someone about a terminal illness they are facing""",uncivil
Oh my god! Man! It's something that I wish for the years! Christmas miracle literally exists!,uncivil
"people who thumb down the santa have never received a present from him, naughty boys",uncivil
"it seems like kernel trauma, it has befriended santa and now microsoft crushed its dreams",uncivil
Please add also an ultra-offensive debugger that shitstorms you on every error,uncivil
"I also can't focus on my work since then, please let me be productive again",uncivil
Please make it your top priority to bring Santa hat back.,uncivil
Coding productivity has decreased enormously since the removal of the Santa hat.,uncivil
"Assuming he wasn't just trolling: if one gets butthurt and triggered over an emoji or icon, then the internet is not really the place where one should hang around.",uncivil
Pandering to icon haters seems to be high on Microsoft's list instead of handling actual bug fixes or feature requests.,uncivil
Are you happy @Christian-Schiffer? Your behaviour offence a lot of people around the world.,uncivil
I think you must apologize to these people and @egamma must do it too.,uncivil
Get back the Santa icon you morons,uncivil
How much of a brain do you have to delete that icon as a result of hate speech of a single idiot?,uncivil
XDDDDD careful. microsoft now owns github too and they also take direct orders from jerusalem. your account will be vanished in no time. their petty feelings are way above yours so hush now,uncivil
This Santa Hat situation is unacceptable. This is outrageous and humiliating.,uncivil
We demand apologies from @microsoft and that the Hat be back!,uncivil
"Im just sickk of having to go through thousnads of tutorials, forums, chats, emails and so on every time Unity updates, or the HoloToolkit or the MRDL or visual studio... It is just SUPER UNSTABLE and a serious pain in the *** to do anything.",uncivil
"This is the first time I've heard from you, so **let's open a new issue and try to figure out what's going on**.",uncivil
"I am dead serious, WHEN??? You are not adding/doing anything useful to it, nothing beneficial for the end user.",uncivil
This conversation is over.,uncivil
why the hell did you haphazardly change the initial value of properties in this commit???,uncivil
why the hell you break my code programmed against gradle 4.10 in the **very first** release after that???,uncivil
"i can't believe you guys, this is completely irresponsible. and don't tell me you needed to do this to support property conventions, you didn't.",uncivil
"again, I insist my way to fix this problem, which is no doubt the most simple and efficient approach to this problem.",uncivil
"I don't care about which PR will be merged finally, but I do care about the most reasonable solution for this problem.",uncivil
"This isn't how we have technical disagreements. No amount of technical correctness can make up for treating other people poorly, please don't repeat that behavior.",uncivil
"I don't know why you're so hysterical about which PR should be merged, and what I want to clarify here is that obviously I found this problem before you, and I have not even found the existence of golang/net@08b3837 until @fisherxu mentioned it in my PR, that why I push a new commit using http2.ConfigureTransports today and open this [PR](https://github.com/golang/net/pull/84) trying to fix the problem before.",uncivil
And besides I didn't have any reference on your PR as I have not even noticed you before.,uncivil
you should learn how to use Git with clear&clean commit history.,uncivil
You have disagreement but no reason. That's personal.,uncivil
You are so unbelievably arrogant that I don't want to waste my time arguing with you.,uncivil
No amount of technical correctness can make up for treating other people poorly,uncivil
"that's not a good excuse for doing nothing, not everybody like you github employees (I heard most atom developers are ?) has a macbook for each, and there are many ones still using old computers, ...",uncivil
"You still haven't addressed my concern with this Issue, @crquan, namely that there isn't a method of determining if Atom is beyond the size of an editor should be"".""",uncivil
"Is 207MB too big? Is 200MB? Is 10MB? Please give an example of what size is small enough"" and what size ""too big"" and, most importantly, why.""",uncivil
"A bug is nearly worthless if it cannot ever be fixed. And without a clearly defined goal, this bug cannot be fixed.",uncivil
"want to speak directly, the words very cheap to buy a USB"" seems really ridiculous.""",uncivil
"That make no sense, why you make efforts to a open source, because you love it. when you love it, why not keep it the best.",uncivil
"your words looks so ridiculous too, I have to say. no offence.",uncivil
